Geography,Sector,2012,2013,2014,2015,2016,2017,2018,2019,2020,2021
Canada,"Total, industries and households",765177,774546,775519,780254,753719,766876,780372,775612,693849,708880
Canada,"Total, industries",636925,639396,642314,647912,622641,632545,642939,639121,579689,594661
Canada,Animal food manufacturing  [BS31110],254,272,457,321,341,286,384,433,434,421
Canada,Sugar and confectionery product manufacturing  [BS31130],352,361,427,466,397,607,370,440,412,484
Canada,Fruit and vegetable preserving and specialty food manufacturing  [BS31140],805,625,485,526,457,595,484,472,502,493
Canada,Dairy product manufacturing  [BS31150],451,540,343,385,383,392,434,510,509,524
Canada,Meat product manufacturing  [BS31160],1050,895,934,1020,1160,1201,1083,1151,1146,1187
Canada,Seafood product preparation and packaging  [BS31170],165,180,181,154,178,142,143,143,113,113
Canada,Miscellaneous food manufacturing  [BS311A0],1872,2262,2093,2209,2072,2083,2269,2302,2107,2101
Canada,Soft drink and ice manufacturing  [BS31211],192,171,186,202,223,222,197,153,127,137
Canada,Breweries  [BS31212],363,396,461,509,487,514,404,411,455,458
Canada,Wineries and distilleries  [BS3121A],234,289,290,250,264,247,287,207,221,214
Canada,Tobacco manufacturing  [BS31220],16,18,23,31,34,36,21,25,23,25
Canada,Textile and textile product mills  [BS31A00],180,260,193,162,150,154,160,166,159,170
Canada,Clothing and leather and allied product manufacturing  [BS31B00],64,82,46,61,66,57,56,60,46,49
Canada,Wood product manufacturing  [BS32100] 12,9255,10581,10887,10112,8912,11225,10746,10492,9869,10581
Canada,"Pulp, paper and paperboard mills  [BS32210] 12",39153,41143,42554,42310,39261,38411,40892,40038,35908,36831
Canada,Converted paper product manufacturing  [BS32220],495,605,613,505,474,544,546,542,583,657
Canada,Printing and related support activities  [BS32300],260,298,271,267,313,330,308,277,219,225
Canada,Petroleum and coal product manufacturing  [BS32400],24025,23265,21992,21308,22089,20252,20414,22529,19257,20509
Canada,Basic chemical manufacturing  [BS32510],13246,12349,11517,12194,11408,10759,12063,12219,12254,12446
Canada,"Pesticide, fertilizer and other agricultural chemical manufacturing  [BS32530]",6168,6758,6342,6722,6987,6216,5881,6115,6050,6071
Canada,Pharmaceutical and medicine manufacturing  [BS32540],235,190,258,263,426,297,277,274,271,264
Canada,Miscellaneous chemical product manufacturing  [BS325C0] 13,2120,2212,3028,3015,2795,2168,1709,1112,1425,1483
Canada,Plastic product manufacturing  [BS32610],630,830,723,750,804,824,676,730,660,690
Canada,Rubber product manufacturing  [BS32620],258,192,232,245,236,270,255,256,179,197
Canada,Non-metallic mineral product manufacturing (except cement and concrete products)  [BS327A0],3438,2950,2988,3011,2761,2828,2414,2450,2294,2586
Canada,Cement and concrete product manufacturing  [BS32730],10855,10149,10604,10307,10724,11929,12139,12284,11118,12114
Canada,Primary metal manufacturing  [BS33100],24532,22771,24164,23811,24905,24413,24254,23367,20760,22244
Canada,Fabricated metal product manufacturing  [BS33200],1696,1958,1624,1596,1711,1609,1694,1697,1593,1707
Canada,Machinery manufacturing  [BS33300],860,926,891,859,778,882,871,909,756,779
Canada,Computer and peripheral equipment manufacturing  [BS33410],14,10,16,12,10,7,8,9,8,9
Canada,Electronic product manufacturing  [BS334B0],116,125,105,128,160,111,105,119,105,110
Canada,Electrical  equipment and component manufacturing  [BS335A0],207,192,170,154,152,142,141,146,117,121
Canada,Household appliance manufacturing  [BS33520],31,26,14,15,14,15,15,14,20,21
Canada,Motor vehicle manufacturing  [BS33610],638,663,687,680,616,664,737,750,555,496
Canada,Motor vehicle body and trailer manufacturing  [BS33620],101,124,95,90,88,84,79,86,63,66
Canada,Motor vehicle parts manufacturing  [BS33630],355,365,354,381,415,420,418,387,314,323
Canada,Aerospace product and parts manufacturing  [BS33640],200,272,315,345,364,384,317,369,250,267
Canada,Railroad rolling stock manufacturing  [BS33650],16,11,9,22,24,16,20,19,16,17
Canada,Ship and boat building  [BS33660],21,21,24,33,29,36,35,36,36,39
Canada,Other transportation equipment manufacturing  [BS33690],30,55,49,43,44,55,40,47,44,47
Canada,Furniture and related product manufacturing  [BS33700],445,436,322,437,475,417,379,381,309,321
Canada,Miscellaneous manufacturing  [BS33900],266,322,259,311,325,294,335,344,329,345
Canada,"Total, households",128252,135150,133205,132343,131078,134331,137433,136491,114160,114219
Canada,Households: Motor fuels and lubricants,77047,80658,78592,78447,79612,81909,83505,85102,66326,68329
Canada,Households: Electricity and other fuels,51204,54492,54613,53896,51466,52423,53928,51390,47834,45891
Newfoundland and Labrador,"Total, industries and households",9074,9167,10195,10833,11063,10843,10552,10483,8420,7694
Newfoundland and Labrador,"Total, industries",6711,6914,7674,8423,8614,8115,8005,8022,6224,5590
Newfoundland and Labrador,Animal food manufacturing  [BS31110],3,3,4,4,4,3,3,4,3,4
Newfoundland and Labrador,Sugar and confectionery product manufacturing  [BS31130],0,0,0,0,0,0,0,0,0,0
Newfoundland and Labrador,Fruit and vegetable preserving and specialty food manufacturing  [BS31140],0,0,0,0,0,0,0,0,0,0
Newfoundland and Labrador,Dairy product manufacturing  [BS31150],5,6,5,4,6,5,1,1,1,1
Newfoundland and Labrador,Meat product manufacturing  [BS31160],2,4,5,5,5,4,4,4,4,3
Newfoundland and Labrador,Seafood product preparation and packaging  [BS31170],35,25,24,31,54,24,25,34,35,32
Newfoundland and Labrador,Miscellaneous food manufacturing  [BS311A0],1,1,1,1,1,1,1,1,1,1
Newfoundland and Labrador,Soft drink and ice manufacturing  [BS31211],3,2,2,1,1,1,1,2,2,1
Newfoundland and Labrador,Breweries  [BS31212],15,13,15,21,14,13,14,6,9,8
Newfoundland and Labrador,Wineries and distilleries  [BS3121A],0,0,0,0,0,0,0,0,0,0
Newfoundland and Labrador,Tobacco manufacturing  [BS31220],0,0,0,0,0,0,0,0,0,0
Newfoundland and Labrador,Textile and textile product mills  [BS31A00],0,0,0,1,0,0,0,0,0,0
Newfoundland and Labrador,Clothing and leather and allied product manufacturing  [BS31B00],0,0,1,6,1,0,0,1,1,0
Newfoundland and Labrador,Wood product manufacturing  [BS32100] 12,11,12,12,14,15,16,15,16,16,16
Newfoundland and Labrador,"Pulp, paper and paperboard mills  [BS32210] 12",81,109,84,81,159,205,147,18,134,130
Newfoundland and Labrador,Converted paper product manufacturing  [BS32220],0,0,0,1,0,0,0,0,0,0
Newfoundland and Labrador,Printing and related support activities  [BS32300],1,1,1,1,1,1,1,1,1,0
Newfoundland and Labrador,Petroleum and coal product manufacturing  [BS32400],984,935,901,1068,1158,948,920,1040,213,48
Newfoundland and Labrador,Basic chemical manufacturing  [BS32510],0,1,0,0,0,5,1,2,3,2
Newfoundland and Labrador,"Pesticide, fertilizer and other agricultural chemical manufacturing  [BS32530]",0,0,0,0,0,0,0,0,0,0
Newfoundland and Labrador,Pharmaceutical and medicine manufacturing  [BS32540],0,0,0,0,0,0,0,0,0,0
Newfoundland and Labrador,Miscellaneous chemical product manufacturing  [BS325C0] 13,1,1,1,1,5,4,3,11,7,6
Newfoundland and Labrador,Plastic product manufacturing  [BS32610],1,1,7,10,1,0,0,0,0,0
Newfoundland and Labrador,Rubber product manufacturing  [BS32620],0,0,0,0,0,0,0,0,0,0
Newfoundland and Labrador,Non-metallic mineral product manufacturing (except cement and concrete products)  [BS327A0],1,1,1,1,1,1,0,0,0,0
Newfoundland and Labrador,Cement and concrete product manufacturing  [BS32730],8,7,3,4,14,11,27,32,62,60
Newfoundland and Labrador,Primary metal manufacturing  [BS33100],0,1,1,89,38,54,45,40,17,15
Newfoundland and Labrador,Fabricated metal product manufacturing  [BS33200],7,8,6,7,6,3,3,3,3,2
Newfoundland and Labrador,Machinery manufacturing  [BS33300],2,2,2,8,1,2,2,2,2,2
Newfoundland and Labrador,Computer and peripheral equipment manufacturing  [BS33410],0,0,0,0,0,0,0,0,0,0
Newfoundland and Labrador,Electronic product manufacturing  [BS334B0],0,0,0,0,0,0,0,1,0,0
Newfoundland and Labrador,Electrical  equipment and component manufacturing  [BS335A0],0,0,0,0,0,0,0,0,0,0
Newfoundland and Labrador,Household appliance manufacturing  [BS33520],0,0,0,0,0,0,0,0,0,0
Newfoundland and Labrador,Motor vehicle manufacturing  [BS33610],1,2,2,1,0,1,1,1,1,1
Newfoundland and Labrador,Motor vehicle body and trailer manufacturing  [BS33620],0,0,0,0,0,0,0,0,0,0
Newfoundland and Labrador,Motor vehicle parts manufacturing  [BS33630],0,0,0,0,0,0,0,0,0,0
Newfoundland and Labrador,Aerospace product and parts manufacturing  [BS33640],0,0,0,1,0,0,0,0,0,0
Newfoundland and Labrador,Railroad rolling stock manufacturing  [BS33650],0,0,0,0,0,0,0,0,0,0
Newfoundland and Labrador,Ship and boat building  [BS33660],0,2,4,4,1,1,4,0,0,0
Newfoundland and Labrador,Other transportation equipment manufacturing  [BS33690],0,0,0,0,0,0,0,0,0,0
Newfoundland and Labrador,Furniture and related product manufacturing  [BS33700],1,2,1,1,2,1,1,1,1,1
Newfoundland and Labrador,Miscellaneous manufacturing  [BS33900],2,3,2,2,1,1,2,1,1,1
Newfoundland and Labrador,"Total, households",2364,2253,2522,2409,2449,2728,2547,2461,2195,2104
Newfoundland and Labrador,Households: Motor fuels and lubricants,1742,1711,1926,1897,1809,1900,1671,1628,1422,1439
Newfoundland and Labrador,Households: Electricity and other fuels,622,542,596,512,640,829,876,832,773,665
Prince Edward Island,"Total, industries and households",1909,1597,1573,1513,1615,1667,1658,1692,1648,1661
Prince Edward Island,"Total, industries",923,744,787,794,830,816,837,853,899,913
Prince Edward Island,Animal food manufacturing  [BS31110],0,0,0,0,0,1,0,0,0,0
Prince Edward Island,Sugar and confectionery product manufacturing  [BS31130],0,0,0,0,0,0,0,0,0,0
Prince Edward Island,Fruit and vegetable preserving and specialty food manufacturing  [BS31140],164,108,77,52,55,60,36,53,115,108
Prince Edward Island,Dairy product manufacturing  [BS31150],26,2,1,4,4,2,6,7,8,1
Prince Edward Island,Meat product manufacturing  [BS31160],2,1,2,4,2,2,1,1,1,1
Prince Edward Island,Seafood product preparation and packaging  [BS31170],7,3,6,10,15,7,8,8,7,7
Prince Edward Island,Miscellaneous food manufacturing  [BS311A0],1,0,0,1,0,0,1,0,0,0
Prince Edward Island,Soft drink and ice manufacturing  [BS31211],1,0,0,0,0,0,0,0,0,0
Prince Edward Island,Breweries  [BS31212],0,0,0,0,0,0,0,0,0,0
Prince Edward Island,Wineries and distilleries  [BS3121A],0,0,0,0,0,0,0,0,0,0
Prince Edward Island,Tobacco manufacturing  [BS31220],0,0,0,0,0,0,0,0,0,0
Prince Edward Island,Textile and textile product mills  [BS31A00],0,0,0,0,0,0,0,0,0,0
Prince Edward Island,Clothing and leather and allied product manufacturing  [BS31B00],0,0,0,0,0,0,0,1,0,1
Prince Edward Island,Wood product manufacturing  [BS32100] 12,1,1,34,2,2,1,2,1,1,1
Prince Edward Island,"Pulp, paper and paperboard mills  [BS32210] 12",0,0,0,0,0,0,0,0,0,0
Prince Edward Island,Converted paper product manufacturing  [BS32220],1,1,1,6,5,5,6,1,1,1
Prince Edward Island,Printing and related support activities  [BS32300],0,0,0,0,0,1,0,0,0,0
Prince Edward Island,Petroleum and coal product manufacturing  [BS32400],1,1,1,1,1,1,1,2,2,2
Prince Edward Island,Basic chemical manufacturing  [BS32510],0,0,0,0,0,0,0,0,0,0
Prince Edward Island,"Pesticide, fertilizer and other agricultural chemical manufacturing  [BS32530]",1,1,1,2,1,3,4,5,5,5
Prince Edward Island,Pharmaceutical and medicine manufacturing  [BS32540],1,1,10,3,3,2,2,2,1,1
Prince Edward Island,Miscellaneous chemical product manufacturing  [BS325C0] 13,0,0,0,0,0,0,0,0,0,0
Prince Edward Island,Plastic product manufacturing  [BS32610],0,0,0,0,0,0,0,0,0,0
Prince Edward Island,Rubber product manufacturing  [BS32620],0,0,0,0,0,0,0,0,0,0
Prince Edward Island,Non-metallic mineral product manufacturing (except cement and concrete products)  [BS327A0],0,0,0,0,0,0,1,1,1,1
Prince Edward Island,Cement and concrete product manufacturing  [BS32730],4,2,0,1,5,3,3,4,4,4
Prince Edward Island,Primary metal manufacturing  [BS33100],0,0,0,0,0,0,0,0,0,0
Prince Edward Island,Fabricated metal product manufacturing  [BS33200],2,1,1,2,3,5,2,5,1,8
Prince Edward Island,Machinery manufacturing  [BS33300],1,0,1,1,2,1,1,1,1,1
Prince Edward Island,Computer and peripheral equipment manufacturing  [BS33410],0,0,0,0,0,0,0,0,0,0
Prince Edward Island,Electronic product manufacturing  [BS334B0],0,0,0,0,0,0,0,0,0,0
Prince Edward Island,Electrical  equipment and component manufacturing  [BS335A0],0,0,0,0,0,0,0,0,0,0
Prince Edward Island,Household appliance manufacturing  [BS33520],0,0,0,0,0,0,0,0,0,0
Prince Edward Island,Motor vehicle manufacturing  [BS33610],0,0,0,0,0,0,0,0,0,0
Prince Edward Island,Motor vehicle body and trailer manufacturing  [BS33620],0,0,0,0,0,0,1,1,0,0
Prince Edward Island,Motor vehicle parts manufacturing  [BS33630],0,0,0,0,0,0,0,0,0,0
Prince Edward Island,Aerospace product and parts manufacturing  [BS33640],1,1,0,0,0,0,0,0,0,0
Prince Edward Island,Railroad rolling stock manufacturing  [BS33650],0,0,0,0,0,0,0,0,0,0
Prince Edward Island,Ship and boat building  [BS33660],0,0,0,0,0,0,0,0,0,0
Prince Edward Island,Other transportation equipment manufacturing  [BS33690],0,0,0,0,0,0,0,0,0,0
Prince Edward Island,Furniture and related product manufacturing  [BS33700],0,0,0,0,0,0,0,1,0,0
Prince Edward Island,Miscellaneous manufacturing  [BS33900],1,1,0,0,0,0,0,0,0,0
Prince Edward Island,"Total, households",987,854,787,720,785,851,821,839,749,749
Prince Edward Island,Households: Motor fuels and lubricants,524,456,451,454,479,500,470,475,413,438
Prince Edward Island,Households: Electricity and other fuels,462,397,335,266,306,351,351,364,336,310
Nova Scotia,"Total, industries and households",20453,19116,17802,17777,16575,17095,17582,16762,14381,14203
Nova Scotia,"Total, industries",15328,14334,13357,12802,11928,12323,12665,11984,10267,10130
Nova Scotia,Animal food manufacturing  [BS31110],7,8,8,5,3,5,7,9,4,4
Nova Scotia,Sugar and confectionery product manufacturing  [BS31130],0,0,0,0,0,0,0,0,0,0
Nova Scotia,Fruit and vegetable preserving and specialty food manufacturing  [BS31140],11,15,23,6,5,4,4,5,6,8
Nova Scotia,Dairy product manufacturing  [BS31150],15,12,4,5,5,6,9,10,7,8
Nova Scotia,Meat product manufacturing  [BS31160],8,33,38,12,14,16,37,31,6,9
Nova Scotia,Seafood product preparation and packaging  [BS31170],39,80,85,50,44,38,42,47,30,34
Nova Scotia,Miscellaneous food manufacturing  [BS311A0],10,15,15,21,18,15,19,19,15,16
Nova Scotia,Soft drink and ice manufacturing  [BS31211],4,1,2,3,2,1,3,2,1,1
Nova Scotia,Breweries  [BS31212],4,3,2,4,5,6,8,11,7,9
Nova Scotia,Wineries and distilleries  [BS3121A],1,1,1,1,1,1,2,2,2,2
Nova Scotia,Tobacco manufacturing  [BS31220],0,0,0,0,0,0,0,0,0,0
Nova Scotia,Textile and textile product mills  [BS31A00],5,17,21,8,6,10,4,3,1,1
Nova Scotia,Clothing and leather and allied product manufacturing  [BS31B00],3,13,1,1,1,2,3,3,1,1
Nova Scotia,Wood product manufacturing  [BS32100] 12,142,128,167,161,176,187,146,144,128,142
Nova Scotia,"Pulp, paper and paperboard mills  [BS32210] 12",1125,714,1094,935,927,929,918,819,1,1
Nova Scotia,Converted paper product manufacturing  [BS32220],13,13,13,19,17,18,15,14,15,16
Nova Scotia,Printing and related support activities  [BS32300],4,1,3,3,4,5,2,2,1,1
Nova Scotia,Petroleum and coal product manufacturing  [BS32400],971,836,31,9,8,7,11,7,6,6
Nova Scotia,Basic chemical manufacturing  [BS32510],14,17,22,1,4,3,3,7,28,32
Nova Scotia,"Pesticide, fertilizer and other agricultural chemical manufacturing  [BS32530]",1,4,2,1,3,4,5,4,5,5
Nova Scotia,Pharmaceutical and medicine manufacturing  [BS32540],2,2,7,4,2,5,2,3,4,5
Nova Scotia,Miscellaneous chemical product manufacturing  [BS325C0] 13,5,3,2,2,1,1,2,2,2,1
Nova Scotia,Plastic product manufacturing  [BS32610],6,9,6,6,24,24,41,28,13,16
Nova Scotia,Rubber product manufacturing  [BS32620],99,32,48,55,40,44,80,71,32,39
Nova Scotia,Non-metallic mineral product manufacturing (except cement and concrete products)  [BS327A0],11,5,7,12,6,9,11,8,7,8
Nova Scotia,Cement and concrete product manufacturing  [BS32730],326,281,286,291,295,235,233,188,190,244
Nova Scotia,Primary metal manufacturing  [BS33100],0,0,0,0,0,0,0,0,0,0
Nova Scotia,Fabricated metal product manufacturing  [BS33200],15,16,13,14,13,13,31,36,13,16
Nova Scotia,Machinery manufacturing  [BS33300],4,5,2,3,3,2,3,4,3,3
Nova Scotia,Computer and peripheral equipment manufacturing  [BS33410],0,0,0,0,0,0,0,0,0,0
Nova Scotia,Electronic product manufacturing  [BS334B0],2,4,2,1,1,1,1,2,1,1
Nova Scotia,Electrical  equipment and component manufacturing  [BS335A0],1,1,1,0,1,1,5,7,1,2
Nova Scotia,Household appliance manufacturing  [BS33520],0,0,0,0,0,0,0,0,0,0
Nova Scotia,Motor vehicle manufacturing  [BS33610],1,1,1,1,1,0,0,0,1,1
Nova Scotia,Motor vehicle body and trailer manufacturing  [BS33620],0,0,0,0,0,0,1,0,0,0
Nova Scotia,Motor vehicle parts manufacturing  [BS33630],0,0,0,0,0,0,0,0,0,0
Nova Scotia,Aerospace product and parts manufacturing  [BS33640],8,8,4,5,10,11,6,7,14,17
Nova Scotia,Railroad rolling stock manufacturing  [BS33650],0,0,0,0,0,0,0,0,0,0
Nova Scotia,Ship and boat building  [BS33660],5,2,3,5,4,6,8,9,9,11
Nova Scotia,Other transportation equipment manufacturing  [BS33690],0,0,0,0,0,0,0,0,0,0
Nova Scotia,Furniture and related product manufacturing  [BS33700],5,4,2,2,2,4,5,5,2,2
Nova Scotia,Miscellaneous manufacturing  [BS33900],3,5,3,3,3,3,7,7,3,3
Nova Scotia,"Total, households",5125,4782,4445,4975,4648,4772,4918,4777,4114,4073
Nova Scotia,Households: Motor fuels and lubricants,2619,2333,2159,2545,2563,2690,2765,2749,2219,2320
Nova Scotia,Households: Electricity and other fuels,2506,2448,2286,2429,2085,2083,2153,2028,1895,1753
New Brunswick,"Total, industries and households",19657,17956,16698,18238,19209,18119,17973,17014,15665,16139
New Brunswick,"Total, industries",15096,13868,12567,13489,14825,14386,14436,13768,12910,13527
New Brunswick,Animal food manufacturing  [BS31110],4,3,3,5,8,9,7,5,5,4
New Brunswick,Sugar and confectionery product manufacturing  [BS31130],3,3,2,2,2,3,2,2,2,3
New Brunswick,Fruit and vegetable preserving and specialty food manufacturing  [BS31140],99,98,64,77,38,56,51,70,13,13
New Brunswick,Dairy product manufacturing  [BS31150],9,7,3,5,13,10,6,8,7,7
New Brunswick,Meat product manufacturing  [BS31160],6,4,8,16,17,17,7,17,17,16
New Brunswick,Seafood product preparation and packaging  [BS31170],50,47,44,34,39,34,41,31,23,21
New Brunswick,Miscellaneous food manufacturing  [BS311A0],10,13,15,13,11,7,8,8,8,8
New Brunswick,Soft drink and ice manufacturing  [BS31211],8,7,11,10,11,9,8,4,4,4
New Brunswick,Breweries  [BS31212],21,18,17,19,34,21,15,20,30,28
New Brunswick,Wineries and distilleries  [BS3121A],0,0,0,0,0,0,0,0,0,0
New Brunswick,Tobacco manufacturing  [BS31220],0,0,0,0,0,0,0,0,0,0
New Brunswick,Textile and textile product mills  [BS31A00],2,1,1,1,2,2,2,1,1,1
New Brunswick,Clothing and leather and allied product manufacturing  [BS31B00],0,0,0,0,0,0,0,0,0,0
New Brunswick,Wood product manufacturing  [BS32100] 12,305,289,206,282,326,584,773,642,662,454
New Brunswick,"Pulp, paper and paperboard mills  [BS32210] 12",2828,2827,2364,2636,3406,3487,3623,3353,3365,3518
New Brunswick,Converted paper product manufacturing  [BS32220],6,5,3,9,4,4,5,8,8,8
New Brunswick,Printing and related support activities  [BS32300],2,1,1,1,1,1,1,1,1,1
New Brunswick,Petroleum and coal product manufacturing  [BS32400],2706,2582,2518,2380,2848,3008,2378,2802,2799,2667
New Brunswick,Basic chemical manufacturing  [BS32510],3,5,4,9,5,9,10,18,27,22
New Brunswick,"Pesticide, fertilizer and other agricultural chemical manufacturing  [BS32530]",4,7,10,9,15,15,14,14,25,22
New Brunswick,Pharmaceutical and medicine manufacturing  [BS32540],0,0,0,0,0,0,0,0,0,0
New Brunswick,Miscellaneous chemical product manufacturing  [BS325C0] 13,2,1,1,0,1,1,1,1,1,0
New Brunswick,Plastic product manufacturing  [BS32610],9,8,16,9,8,8,13,12,15,15
New Brunswick,Rubber product manufacturing  [BS32620],2,2,2,1,1,1,1,1,1,1
New Brunswick,Non-metallic mineral product manufacturing (except cement and concrete products)  [BS327A0],36,21,19,33,116,140,148,158,143,149
New Brunswick,Cement and concrete product manufacturing  [BS32730],21,22,3,3,10,10,26,13,21,23
New Brunswick,Primary metal manufacturing  [BS33100],166,172,74,164,142,199,206,31,1,0
New Brunswick,Fabricated metal product manufacturing  [BS33200],22,23,24,18,19,13,17,18,21,21
New Brunswick,Machinery manufacturing  [BS33300],6,7,6,3,3,4,3,6,7,7
New Brunswick,Computer and peripheral equipment manufacturing  [BS33410],0,0,0,0,0,0,0,0,0,0
New Brunswick,Electronic product manufacturing  [BS334B0],0,1,0,0,0,0,0,0,0,0
New Brunswick,Electrical  equipment and component manufacturing  [BS335A0],1,1,1,1,0,0,0,0,0,0
New Brunswick,Household appliance manufacturing  [BS33520],0,0,0,0,0,0,0,0,0,0
New Brunswick,Motor vehicle manufacturing  [BS33610],2,2,2,1,0,1,1,1,1,1
New Brunswick,Motor vehicle body and trailer manufacturing  [BS33620],2,2,1,1,2,1,2,1,1,1
New Brunswick,Motor vehicle parts manufacturing  [BS33630],1,1,1,0,0,0,0,0,0,0
New Brunswick,Aerospace product and parts manufacturing  [BS33640],1,0,1,1,1,1,0,0,0,0
New Brunswick,Railroad rolling stock manufacturing  [BS33650],0,0,0,0,0,0,0,0,0,0
New Brunswick,Ship and boat building  [BS33660],0,0,0,0,0,0,0,0,0,0
New Brunswick,Other transportation equipment manufacturing  [BS33690],1,1,1,0,0,1,1,2,1,1
New Brunswick,Furniture and related product manufacturing  [BS33700],4,5,3,4,3,3,3,3,3,2
New Brunswick,Miscellaneous manufacturing  [BS33900],7,19,4,4,3,4,2,3,3,4
New Brunswick,"Total, households",4561,4087,4131,4748,4384,3733,3537,3246,2755,2612
New Brunswick,Households: Motor fuels and lubricants,2484,2087,1926,2247,2503,2297,2255,2230,1833,1787
New Brunswick,Households: Electricity and other fuels,2077,2000,2205,2501,1881,1436,1282,1017,922,826
Quebec,"Total, industries and households",89602,89319,87815,90656,88846,90941,91681,92898,81363,84473
Quebec,"Total, industries",63414,62316,61144,64093,62838,64729,65459,66491,59845,62140
Quebec,Animal food manufacturing  [BS31110],62,79,174,80,106,75,102,84,76,70
Quebec,Sugar and confectionery product manufacturing  [BS31130],91,95,138,282,148,258,122,113,117,108
Quebec,Fruit and vegetable preserving and specialty food manufacturing  [BS31140],68,63,66,52,58,57,61,78,94,86
Quebec,Dairy product manufacturing  [BS31150],169,285,159,148,154,156,141,187,187,207
Quebec,Meat product manufacturing  [BS31160],177,204,167,194,199,239,239,255,231,262
Quebec,Seafood product preparation and packaging  [BS31170],16,7,5,7,7,8,5,5,3,4
Quebec,Miscellaneous food manufacturing  [BS311A0],569,693,450,456,496,445,501,423,356,408
Quebec,Soft drink and ice manufacturing  [BS31211],40,31,34,37,44,42,35,32,22,25
Quebec,Breweries  [BS31212],113,139,130,125,94,85,86,93,105,119
Quebec,Wineries and distilleries  [BS3121A],20,68,49,34,49,53,56,62,74,84
Quebec,Tobacco manufacturing  [BS31220],10,11,17,21,18,18,9,12,10,11
Quebec,Textile and textile product mills  [BS31A00],89,140,93,49,64,54,53,68,65,74
Quebec,Clothing and leather and allied product manufacturing  [BS31B00],30,40,16,21,17,19,18,17,13,14
Quebec,Wood product manufacturing  [BS32100] 12,2191,1680,1502,2797,2435,2053,2035,2290,1903,2216
Quebec,"Pulp, paper and paperboard mills  [BS32210] 12",6406,6805,6982,7286,7513,7306,7629,7452,6460,6057
Quebec,Converted paper product manufacturing  [BS32220],245,221,181,222,159,171,182,178,241,238
Quebec,Printing and related support activities  [BS32300],59,59,64,29,47,48,33,41,27,30
Quebec,Petroleum and coal product manufacturing  [BS32400],2428,2247,2266,2417,2150,1938,2334,2225,2227,2227
Quebec,Basic chemical manufacturing  [BS32510],701,702,1414,1325,516,681,741,774,821,811
Quebec,"Pesticide, fertilizer and other agricultural chemical manufacturing  [BS32530]",65,45,50,48,51,40,33,31,26,27
Quebec,Pharmaceutical and medicine manufacturing  [BS32540],54,44,42,55,61,90,79,64,53,48
Quebec,Miscellaneous chemical product manufacturing  [BS325C0] 13,77,93,94,120,121,143,182,160,134,132
Quebec,Plastic product manufacturing  [BS32610],170,279,154,182,183,189,150,170,153,174
Quebec,Rubber product manufacturing  [BS32620],64,60,66,62,74,97,74,79,59,67
Quebec,Non-metallic mineral product manufacturing (except cement and concrete products)  [BS327A0],1065,935,985,781,745,772,554,558,478,706
Quebec,Cement and concrete product manufacturing  [BS32730],2417,2207,2127,2198,2312,2948,2861,3615,3196,3520
Quebec,Primary metal manufacturing  [BS33100],7292,7642,8194,8429,8377,8522,7744,7822,7376,7659
Quebec,Fabricated metal product manufacturing  [BS33200],368,355,286,251,265,248,282,343,301,369
Quebec,Machinery manufacturing  [BS33300],109,107,91,80,98,112,93,112,93,105
Quebec,Computer and peripheral equipment manufacturing  [BS33410],1,1,1,1,1,1,1,1,1,1
Quebec,Electronic product manufacturing  [BS334B0],30,26,29,25,32,26,24,28,24,27
Quebec,Electrical  equipment and component manufacturing  [BS335A0],86,76,55,34,36,33,25,30,23,26
Quebec,Household appliance manufacturing  [BS33520],10,13,2,1,1,1,1,2,3,4
Quebec,Motor vehicle manufacturing  [BS33610],24,27,40,54,21,10,10,21,12,14
Quebec,Motor vehicle body and trailer manufacturing  [BS33620],16,17,16,13,21,12,14,23,17,19
Quebec,Motor vehicle parts manufacturing  [BS33630],14,29,22,17,29,19,26,25,18,21
Quebec,Aerospace product and parts manufacturing  [BS33640],97,161,212,226,236,222,189,218,124,136
Quebec,Railroad rolling stock manufacturing  [BS33650],2,2,1,2,1,2,4,2,2,2
Quebec,Ship and boat building  [BS33660],5,5,4,8,10,8,8,12,12,13
Quebec,Other transportation equipment manufacturing  [BS33690],13,34,30,23,24,27,14,19,20,23
Quebec,Furniture and related product manufacturing  [BS33700],107,123,75,99,111,101,81,99,72,81
Quebec,Miscellaneous manufacturing  [BS33900],52,71,55,55,65,44,73,83,85,95
Quebec,"Total, households",26188,27003,26670,26563,26008,26212,26222,26407,21518,22334
Quebec,Households: Motor fuels and lubricants,17018,17263,16652,16608,16380,17208,17218,17701,13802,14925
Quebec,Households: Electricity and other fuels,9170,9740,10019,9955,9627,9004,9004,8706,7717,7409
Ontario,"Total, industries and households",172690,173224,169899,169450,166827,164825,170603,170955,148305,152076
Ontario,"Total, industries",125724,121618,119361,119088,117601,114356,118072,119159,106794,111017
Ontario,Animal food manufacturing  [BS31110],85,87,70,103,103,88,92,91,109,108
Ontario,Sugar and confectionery product manufacturing  [BS31130],114,108,96,35,92,91,196,228,186,236
Ontario,Fruit and vegetable preserving and specialty food manufacturing  [BS31140],313,224,164,180,178,232,253,195,192,198
Ontario,Dairy product manufacturing  [BS31150],152,162,124,168,121,155,186,209,209,217
Ontario,Meat product manufacturing  [BS31160],328,280,322,311,358,351,354,395,393,405
Ontario,Seafood product preparation and packaging  [BS31170],7,3,3,4,5,7,7,6,5,5
Ontario,Miscellaneous food manufacturing  [BS311A0],760,869,764,943,738,823,871,901,830,828
Ontario,Soft drink and ice manufacturing  [BS31211],63,68,50,58,66,81,63,50,51,55
Ontario,Breweries  [BS31212],72,117,180,198,200,284,168,162,160,160
Ontario,Wineries and distilleries  [BS3121A],158,153,173,143,117,129,149,82,85,87
Ontario,Tobacco manufacturing  [BS31220],5,7,6,11,17,17,12,12,12,12
Ontario,Textile and textile product mills  [BS31A00],67,85,63,85,65,70,83,72,72,75
Ontario,Clothing and leather and allied product manufacturing  [BS31B00],15,13,14,16,24,11,19,21,17,17
Ontario,Wood product manufacturing  [BS32100] 12,1617,1675,2871,1835,941,1934,1777,1682,1594,1533
Ontario,"Pulp, paper and paperboard mills  [BS32210] 12",3790,6068,5425,5658,5073,5212,4873,4551,4500,4562
Ontario,Converted paper product manufacturing  [BS32220],193,277,341,169,219,269,284,282,261,338
Ontario,Printing and related support activities  [BS32300],119,112,105,150,171,163,180,150,126,131
Ontario,Petroleum and coal product manufacturing  [BS32400],8421,7654,7744,7368,7399,5005,5603,6287,5600,6197
Ontario,Basic chemical manufacturing  [BS32510],4824,4680,4316,5025,4825,3625,4112,4236,4321,4326
Ontario,"Pesticide, fertilizer and other agricultural chemical manufacturing  [BS32530]",768,1120,1140,950,1179,1112,387,399,387,389
Ontario,Pharmaceutical and medicine manufacturing  [BS32540],151,121,176,163,326,176,166,177,184,185
Ontario,Miscellaneous chemical product manufacturing  [BS325C0] 13,661,575,543,661,591,666,705,664,605,712
Ontario,Plastic product manufacturing  [BS32610],309,342,378,361,338,425,310,333,321,333
Ontario,Rubber product manufacturing  [BS32620],66,64,78,83,76,79,70,69,57,59
Ontario,Non-metallic mineral product manufacturing (except cement and concrete products)  [BS327A0],1670,1344,1233,1381,1261,1348,1189,1225,1166,1216
Ontario,Cement and concrete product manufacturing  [BS32730],4852,4492,4685,4246,4249,4621,4457,4504,4559,4694
Ontario,Primary metal manufacturing  [BS33100],15576,13461,14548,13823,14874,14128,14730,13989,11993,13326
Ontario,Fabricated metal product manufacturing  [BS33200],762,884,700,640,774,816,855,722,734,762
Ontario,Machinery manufacturing  [BS33300],291,316,308,277,257,331,324,342,304,315
Ontario,Computer and peripheral equipment manufacturing  [BS33410],9,5,11,7,3,4,5,6,6,6
Ontario,Electronic product manufacturing  [BS334B0],61,69,49,66,82,61,57,64,56,59
Ontario,Electrical  equipment and component manufacturing  [BS335A0],75,75,71,74,74,71,65,62,56,58
Ontario,Household appliance manufacturing  [BS33520],17,11,10,11,12,12,12,10,15,16
Ontario,Motor vehicle manufacturing  [BS33610],556,570,582,557,521,585,657,671,496,439
Ontario,Motor vehicle body and trailer manufacturing  [BS33620],33,48,33,31,17,15,22,24,20,21
Ontario,Motor vehicle parts manufacturing  [BS33630],317,306,309,339,364,379,345,318,269,278
Ontario,Aerospace product and parts manufacturing  [BS33640],67,72,61,78,77,90,90,101,85,88
Ontario,Railroad rolling stock manufacturing  [BS33650],13,7,8,19,22,14,15,15,14,15
Ontario,Ship and boat building  [BS33660],5,5,5,4,4,5,4,4,3,4
Ontario,Other transportation equipment manufacturing  [BS33690],9,11,12,12,13,20,16,20,17,17
Ontario,Furniture and related product manufacturing  [BS33700],195,157,128,154,173,178,174,167,144,149
Ontario,Miscellaneous manufacturing  [BS33900],102,100,98,130,131,134,132,144,144,150
Ontario,"Total, households",46966,51606,50538,50362,49226,50469,52531,51797,41511,41059
Ontario,Households: Motor fuels and lubricants,27207,29145,27958,27807,28567,29271,30157,31298,22808,23132
Ontario,Households: Electricity and other fuels,19759,22461,22580,22556,20659,21198,22374,20498,18703,17927
Manitoba,"Total, industries and households",20427,20935,21088,20650,21044,21505,22365,22232,20674,20226
Manitoba,"Total, industries",16202,16447,16582,16571,16839,17276,17666,17498,16525,16050
Manitoba,Animal food manufacturing  [BS31110],22,9,47,20,33,29,35,53,30,67
Manitoba,Sugar and confectionery product manufacturing  [BS31130],0,0,0,0,0,0,0,0,0,0
Manitoba,Fruit and vegetable preserving and specialty food manufacturing  [BS31140],95,68,58,116,96,144,39,40,36,36
Manitoba,Dairy product manufacturing  [BS31150],11,18,6,14,16,9,23,24,25,22
Manitoba,Meat product manufacturing  [BS31160],69,46,61,122,170,223,106,93,121,123
Manitoba,Seafood product preparation and packaging  [BS31170],2,3,1,1,1,2,0,0,0,0
Manitoba,Miscellaneous food manufacturing  [BS311A0],116,110,137,111,126,104,179,144,192,139
Manitoba,Soft drink and ice manufacturing  [BS31211],21,8,8,10,14,12,8,5,3,3
Manitoba,Breweries  [BS31212],1,0,0,0,0,1,1,1,2,2
Manitoba,Wineries and distilleries  [BS3121A],12,0,0,0,0,0,0,0,0,0
Manitoba,Tobacco manufacturing  [BS31220],0,0,0,0,0,0,0,0,0,0
Manitoba,Textile and textile product mills  [BS31A00],3,3,2,2,2,4,4,4,3,3
Manitoba,Clothing and leather and allied product manufacturing  [BS31B00],6,5,4,7,8,14,5,6,3,3
Manitoba,Wood product manufacturing  [BS32100] 12,184,174,293,205,261,150,181,177,188,228
Manitoba,"Pulp, paper and paperboard mills  [BS32210] 12",489,523,626,486,510,483,506,560,487,505
Manitoba,Converted paper product manufacturing  [BS32220],9,14,21,16,17,17,17,16,16,16
Manitoba,Printing and related support activities  [BS32300],15,11,20,20,16,29,18,21,18,18
Manitoba,Petroleum and coal product manufacturing  [BS32400],4,6,3,2,4,6,36,32,31,28
Manitoba,Basic chemical manufacturing  [BS32510],102,118,98,97,98,103,102,106,106,108
Manitoba,"Pesticide, fertilizer and other agricultural chemical manufacturing  [BS32530]",656,797,646,748,834,694,682,674,654,638
Manitoba,Pharmaceutical and medicine manufacturing  [BS32540],23,14,14,14,13,15,17,15,14,13
Manitoba,Miscellaneous chemical product manufacturing  [BS325C0] 13,6,10,8,5,7,7,7,8,7,5
Manitoba,Plastic product manufacturing  [BS32610],54,46,25,53,60,44,31,36,30,30
Manitoba,Rubber product manufacturing  [BS32620],2,1,1,1,1,2,2,2,2,2
Manitoba,Non-metallic mineral product manufacturing (except cement and concrete products)  [BS327A0],148,133,129,149,114,127,110,108,109,110
Manitoba,Cement and concrete product manufacturing  [BS32730],22,22,12,13,28,37,40,51,50,36
Manitoba,Primary metal manufacturing  [BS33100],103,102,103,83,79,90,85,66,91,95
Manitoba,Fabricated metal product manufacturing  [BS33200],53,35,35,53,56,71,55,63,56,54
Manitoba,Machinery manufacturing  [BS33300],78,64,74,84,85,111,73,81,65,63
Manitoba,Computer and peripheral equipment manufacturing  [BS33410],0,0,0,0,0,0,0,0,0,0
Manitoba,Electronic product manufacturing  [BS334B0],1,1,1,2,3,2,1,1,1,1
Manitoba,Electrical  equipment and component manufacturing  [BS335A0],5,4,5,9,3,6,5,6,5,5
Manitoba,Household appliance manufacturing  [BS33520],2,0,0,0,0,0,0,0,0,0
Manitoba,Motor vehicle manufacturing  [BS33610],15,22,22,37,50,38,23,25,16,15
Manitoba,Motor vehicle body and trailer manufacturing  [BS33620],21,13,7,11,15,21,6,5,3,3
Manitoba,Motor vehicle parts manufacturing  [BS33630],3,2,3,3,2,3,2,2,2,2
Manitoba,Aerospace product and parts manufacturing  [BS33640],17,14,21,26,28,47,23,33,20,20
Manitoba,Railroad rolling stock manufacturing  [BS33650],1,0,0,0,0,0,0,0,0,0
Manitoba,Ship and boat building  [BS33660],0,0,0,0,0,0,0,0,0,0
Manitoba,Other transportation equipment manufacturing  [BS33690],1,1,1,2,1,1,1,1,1,1
Manitoba,Furniture and related product manufacturing  [BS33700],65,56,23,76,82,53,32,26,20,19
Manitoba,Miscellaneous manufacturing  [BS33900],18,13,11,16,16,23,19,19,20,19
Manitoba,"Total, households",4225,4488,4506,4079,4205,4228,4699,4733,4149,4176
Manitoba,Households: Motor fuels and lubricants,3034,3089,3101,2890,2963,2896,3225,3246,2746,2861
Manitoba,Households: Electricity and other fuels,1191,1400,1405,1189,1242,1332,1474,1488,1404,1315
Saskatchewan,"Total, industries and households",72646,74912,76792,78797,73907,77437,78743,75606,66252,69101
Saskatchewan,"Total, industries",66633,68396,70661,72702,67816,71088,72229,68986,60513,63318
Saskatchewan,Animal food manufacturing  [BS31110],8,9,28,35,17,18,32,33,31,27
Saskatchewan,Sugar and confectionery product manufacturing  [BS31130],0,0,0,0,0,0,0,0,0,0
Saskatchewan,Fruit and vegetable preserving and specialty food manufacturing  [BS31140],1,1,2,3,2,1,1,1,1,1
Saskatchewan,Dairy product manufacturing  [BS31150],10,5,1,1,1,1,1,0,0,1
Saskatchewan,Meat product manufacturing  [BS31160],48,36,29,37,46,61,51,60,43,52
Saskatchewan,Seafood product preparation and packaging  [BS31170],0,0,0,0,0,0,0,0,0,0
Saskatchewan,Miscellaneous food manufacturing  [BS311A0],153,180,239,199,253,253,235,252,206,197
Saskatchewan,Soft drink and ice manufacturing  [BS31211],1,1,1,2,3,3,5,3,3,3
Saskatchewan,Breweries  [BS31212],3,1,1,2,2,2,6,7,5,5
Saskatchewan,Wineries and distilleries  [BS3121A],0,0,0,1,1,1,1,2,2,3
Saskatchewan,Tobacco manufacturing  [BS31220],0,0,0,0,0,0,0,0,0,0
Saskatchewan,Textile and textile product mills  [BS31A00],2,2,3,2,1,3,2,3,2,2
Saskatchewan,Clothing and leather and allied product manufacturing  [BS31B00],1,1,1,1,1,1,1,0,0,0
Saskatchewan,Wood product manufacturing  [BS32100] 12,196,951,492,396,392,619,335,311,367,312
Saskatchewan,"Pulp, paper and paperboard mills  [BS32210] 12",651,126,122,57,68,74,75,70,67,76
Saskatchewan,Converted paper product manufacturing  [BS32220],5,8,5,5,6,5,5,5,5,4
Saskatchewan,Printing and related support activities  [BS32300],7,7,9,8,8,10,6,6,4,5
Saskatchewan,Petroleum and coal product manufacturing  [BS32400],1264,1251,882,848,928,940,1365,1821,1710,1817
Saskatchewan,Basic chemical manufacturing  [BS32510],234,242,291,294,296,307,218,224,223,253
Saskatchewan,"Pesticide, fertilizer and other agricultural chemical manufacturing  [BS32530]",213,261,272,321,278,259,732,697,666,648
Saskatchewan,Pharmaceutical and medicine manufacturing  [BS32540],0,0,0,0,0,0,0,0,0,0
Saskatchewan,Miscellaneous chemical product manufacturing  [BS325C0] 13,10,21,10,22,21,24,44,37,34,31
Saskatchewan,Plastic product manufacturing  [BS32610],6,7,7,8,5,6,7,6,4,4
Saskatchewan,Rubber product manufacturing  [BS32620],2,3,5,5,4,4,5,8,5,6
Saskatchewan,Non-metallic mineral product manufacturing (except cement and concrete products)  [BS327A0],11,13,11,21,12,13,12,14,8,12
Saskatchewan,Cement and concrete product manufacturing  [BS32730],33,42,171,47,76,119,80,103,107,108
Saskatchewan,Primary metal manufacturing  [BS33100],149,164,144,137,135,144,158,156,136,155
Saskatchewan,Fabricated metal product manufacturing  [BS33200],45,69,59,83,55,67,75,83,65,76
Saskatchewan,Machinery manufacturing  [BS33300],48,62,57,63,43,53,65,65,46,59
Saskatchewan,Computer and peripheral equipment manufacturing  [BS33410],0,0,0,0,0,0,0,0,0,0
Saskatchewan,Electronic product manufacturing  [BS334B0],2,2,1,1,1,1,1,1,1,1
Saskatchewan,Electrical  equipment and component manufacturing  [BS335A0],6,3,6,4,3,4,4,5,3,5
Saskatchewan,Household appliance manufacturing  [BS33520],0,0,0,0,0,0,0,0,0,0
Saskatchewan,Motor vehicle manufacturing  [BS33610],7,8,7,6,4,4,4,4,5,7
Saskatchewan,Motor vehicle body and trailer manufacturing  [BS33620],10,13,8,7,6,9,11,10,5,7
Saskatchewan,Motor vehicle parts manufacturing  [BS33630],2,2,2,2,1,2,1,1,1,1
Saskatchewan,Aerospace product and parts manufacturing  [BS33640],0,0,0,0,0,0,0,0,0,0
Saskatchewan,Railroad rolling stock manufacturing  [BS33650],0,0,0,0,0,0,0,0,0,0
Saskatchewan,Ship and boat building  [BS33660],0,0,0,0,0,0,0,0,0,0
Saskatchewan,Other transportation equipment manufacturing  [BS33690],1,1,1,1,1,1,0,1,1,1
Saskatchewan,Furniture and related product manufacturing  [BS33700],7,10,9,20,9,7,7,8,6,7
Saskatchewan,Miscellaneous manufacturing  [BS33900],12,12,9,14,11,14,15,13,11,14
Saskatchewan,"Total, households",6013,6516,6131,6095,6091,6349,6514,6620,5739,5783
Saskatchewan,Households: Motor fuels and lubricants,4188,4553,4170,4300,4315,4402,4357,4368,3706,3774
Saskatchewan,Households: Electricity and other fuels,1825,1962,1961,1795,1776,1946,2157,2251,2033,2009
Alberta,"Total, industries and households",276762,285303,290011,287853,270302,278551,282438,282957,261640,265270
Alberta,"Total, industries",258124,265387,269970,269099,251288,258619,261764,262314,243757,247818
Alberta,Animal food manufacturing  [BS31110],41,48,95,47,40,33,40,85,101,99
Alberta,Sugar and confectionery product manufacturing  [BS31130],83,108,127,85,104,199,12,76,50,81
Alberta,Fruit and vegetable preserving and specialty food manufacturing  [BS31140],35,30,16,16,8,17,26,16,27,25
Alberta,Dairy product manufacturing  [BS31150],29,28,27,21,22,20,34,38,38,36
Alberta,Meat product manufacturing  [BS31160],344,197,200,205,270,191,216,197,192,180
Alberta,Seafood product preparation and packaging  [BS31170],1,1,1,0,0,1,1,1,0,0
Alberta,Miscellaneous food manufacturing  [BS311A0],185,289,360,374,336,363,366,463,394,395
Alberta,Soft drink and ice manufacturing  [BS31211],33,35,58,52,53,45,45,32,24,25
Alberta,Breweries  [BS31212],90,54,50,76,101,63,67,73,78,73
Alberta,Wineries and distilleries  [BS3121A],36,57,41,53,78,45,61,42,35,16
Alberta,Tobacco manufacturing  [BS31220],0,0,0,0,0,0,0,0,0,0
Alberta,Textile and textile product mills  [BS31A00],5,5,5,6,3,5,5,5,4,4
Alberta,Clothing and leather and allied product manufacturing  [BS31B00],4,4,4,4,4,4,5,6,5,5
Alberta,Wood product manufacturing  [BS32100] 12,1172,1689,1797,1024,1248,2402,2030,2066,2266,2948
Alberta,"Pulp, paper and paperboard mills  [BS32210] 12",6819,7834,7848,6818,4483,4151,6583,6491,6299,6148
Alberta,Converted paper product manufacturing  [BS32220],9,20,22,23,19,24,21,20,19,18
Alberta,Printing and related support activities  [BS32300],34,87,39,37,33,38,41,28,23,22
Alberta,Petroleum and coal product manufacturing  [BS32400],6620,7195,7055,6615,6917,7603,7292,7762,6217,6984
Alberta,Basic chemical manufacturing  [BS32510],7312,6537,5333,5406,5606,5946,6793,6727,6560,6714
Alberta,"Pesticide, fertilizer and other agricultural chemical manufacturing  [BS32530]",4444,4513,4210,4633,4609,4068,4009,4283,4273,4325
Alberta,Pharmaceutical and medicine manufacturing  [BS32540],2,4,4,6,5,5,6,7,8,8
Alberta,Miscellaneous chemical product manufacturing  [BS325C0] 13,1329,1474,2342,2168,1987,1257,711,155,573,532
Alberta,Plastic product manufacturing  [BS32610],46,82,83,69,119,64,67,83,76,74
Alberta,Rubber product manufacturing  [BS32620],12,17,13,21,19,30,11,14,12,12
Alberta,Non-metallic mineral product manufacturing (except cement and concrete products)  [BS327A0],220,251,337,338,323,229,221,219,222,220
Alberta,Cement and concrete product manufacturing  [BS32730],1670,1597,1540,1539,1567,1683,2037,2024,1625,2102
Alberta,Primary metal manufacturing  [BS33100],420,429,368,433,93,87,139,119,105,89
Alberta,Fabricated metal product manufacturing  [BS33200],339,465,396,387,371,254,253,270,261,257
Alberta,Machinery manufacturing  [BS33300],263,296,305,285,219,204,258,243,191,183
Alberta,Computer and peripheral equipment manufacturing  [BS33410],1,1,1,1,2,1,2,1,1,1
Alberta,Electronic product manufacturing  [BS334B0],12,12,14,11,19,14,14,15,15,14
Alberta,Electrical  equipment and component manufacturing  [BS335A0],20,17,16,14,14,13,17,14,10,9
Alberta,Household appliance manufacturing  [BS33520],1,1,1,2,0,1,1,1,1,0
Alberta,Motor vehicle manufacturing  [BS33610],20,18,18,12,8,17,38,17,14,11
Alberta,Motor vehicle body and trailer manufacturing  [BS33620],13,22,20,14,12,15,13,14,10,9
Alberta,Motor vehicle parts manufacturing  [BS33630],7,8,6,7,4,5,9,5,4,3
Alberta,Aerospace product and parts manufacturing  [BS33640],3,6,7,4,5,4,4,4,4,3
Alberta,Railroad rolling stock manufacturing  [BS33650],0,0,0,0,0,0,0,0,0,0
Alberta,Ship and boat building  [BS33660],1,1,1,1,1,1,2,1,1,1
Alberta,Other transportation equipment manufacturing  [BS33690],3,3,3,2,2,4,6,2,2,2
Alberta,Furniture and related product manufacturing  [BS33700],39,42,46,44,42,33,39,33,29,29
Alberta,Miscellaneous manufacturing  [BS33900],45,63,53,53,44,39,53,44,33,31
Alberta,"Total, households",18638,19916,20041,18754,19014,19932,20673,20643,17883,17452
Alberta,Households: Motor fuels and lubricants,9948,11184,11411,10480,10337,10835,11280,11484,8931,8987
Alberta,Households: Electricity and other fuels,8689,8732,8630,8274,8678,9097,9393,9159,8952,8465
British Columbia,"Total, industries and households",78678,79717,80416,81233,81333,82643,83426,81491,72540,75003
British Columbia,"Total, industries",65827,66406,67350,67998,67409,67915,68789,66869,59295,61410
British Columbia,Animal food manufacturing  [BS31110],23,26,28,22,27,26,65,68,74,38
British Columbia,Sugar and confectionery product manufacturing  [BS31130],60,48,64,61,51,56,37,20,57,57
British Columbia,Fruit and vegetable preserving and specialty food manufacturing  [BS31140],19,16,15,23,18,24,13,14,18,17
British Columbia,Dairy product manufacturing  [BS31150],25,16,13,14,42,28,25,26,28,26
British Columbia,Meat product manufacturing  [BS31160],66,90,103,115,79,96,69,99,140,136
British Columbia,Seafood product preparation and packaging  [BS31170],7,5,11,15,13,22,13,11,8,9
British Columbia,Miscellaneous food manufacturing  [BS311A0],66,92,112,91,90,72,88,91,106,108
British Columbia,Soft drink and ice manufacturing  [BS31211],19,18,19,27,30,27,29,23,16,18
British Columbia,Breweries  [BS31212],44,51,66,64,36,38,40,37,60,54
British Columbia,Wineries and distilleries  [BS3121A],7,10,25,18,18,19,18,17,22,22
British Columbia,Tobacco manufacturing  [BS31220],0,0,0,0,0,0,0,1,1,1
British Columbia,Textile and textile product mills  [BS31A00],5,6,3,6,6,6,7,11,9,9
British Columbia,Clothing and leather and allied product manufacturing  [BS31B00],3,4,4,5,8,5,4,5,6,6
British Columbia,Wood product manufacturing  [BS32100] 12,3436,3981,3511,3395,3115,3278,3451,3162,2743,2730
British Columbia,"Pulp, paper and paperboard mills  [BS32210] 12",16964,16137,18009,18354,17120,16564,16537,16723,14596,15834
British Columbia,Converted paper product manufacturing  [BS32220],13,47,26,37,28,31,11,18,17,18
British Columbia,Printing and related support activities  [BS32300],18,18,29,19,33,34,26,27,17,16
British Columbia,Petroleum and coal product manufacturing  [BS32400],625,558,591,600,676,797,474,550,452,533
British Columbia,Basic chemical manufacturing  [BS32510],56,47,38,37,57,81,80,121,153,166
British Columbia,"Pesticide, fertilizer and other agricultural chemical manufacturing  [BS32530]",15,9,10,9,18,22,15,8,10,12
British Columbia,Pharmaceutical and medicine manufacturing  [BS32540],3,3,6,19,16,3,4,5,5,4
British Columbia,Miscellaneous chemical product manufacturing  [BS325C0] 13,24,29,25,28,45,41,36,41,39,38
British Columbia,Plastic product manufacturing  [BS32610],31,56,47,53,66,63,55,61,46,44
British Columbia,Rubber product manufacturing  [BS32620],10,14,19,17,21,12,10,11,11,10
British Columbia,Non-metallic mineral product manufacturing (except cement and concrete products)  [BS327A0],276,247,265,295,185,188,167,158,159,165
British Columbia,Cement and concrete product manufacturing  [BS32730],1502,1475,1777,1963,2167,2261,2376,1751,1305,1324
British Columbia,Primary metal manufacturing  [BS33100],824,800,732,652,1165,1189,1147,1144,1040,905
British Columbia,Fabricated metal product manufacturing  [BS33200],82,102,105,141,148,119,122,154,138,140
British Columbia,Machinery manufacturing  [BS33300],58,66,47,56,67,61,49,53,43,41
British Columbia,Computer and peripheral equipment manufacturing  [BS33410],2,2,2,2,3,1,0,1,0,0
British Columbia,Electronic product manufacturing  [BS334B0],6,10,7,21,21,6,6,7,6,6
British Columbia,Electrical  equipment and component manufacturing  [BS335A0],13,16,13,16,21,14,18,21,17,16
British Columbia,Household appliance manufacturing  [BS33520],1,1,1,1,1,1,0,1,1,1
British Columbia,Motor vehicle manufacturing  [BS33610],12,14,14,11,11,8,3,8,8,7
British Columbia,Motor vehicle body and trailer manufacturing  [BS33620],6,8,9,13,15,11,11,7,6,5
British Columbia,Motor vehicle parts manufacturing  [BS33630],12,17,11,13,14,11,33,35,19,17
British Columbia,Aerospace product and parts manufacturing  [BS33640],5,9,9,5,7,9,5,5,3,3
British Columbia,Railroad rolling stock manufacturing  [BS33650],0,2,0,1,1,0,1,1,1,0
British Columbia,Ship and boat building  [BS33660],5,7,7,9,8,15,9,9,9,8
British Columbia,Other transportation equipment manufacturing  [BS33690],2,3,3,3,3,2,1,2,2,2
British Columbia,Furniture and related product manufacturing  [BS33700],22,36,34,36,50,35,36,38,31,30
British Columbia,Miscellaneous manufacturing  [BS33900],24,33,24,33,49,31,33,29,28,27
British Columbia,"Total, households",12851,13311,13066,13236,13924,14728,14637,14622,13245,13592
British Columbia,Households: Motor fuels and lubricants,8084,8641,8632,8997,9472,9684,9869,9670,8234,8462
British Columbia,Households: Electricity and other fuels,4767,4670,4434,4238,4452,5045,4768,4952,5011,5130
Yukon,"Total, industries and households",709,632,488,520,521,551,618,659,567,620
Yukon,"Total, industries",560,484,361,391,393,412,471,499,427,494
Yukon,Animal food manufacturing  [BS31110],0,0,0,0,0,0,0,0,0,0
Yukon,Sugar and confectionery product manufacturing  [BS31130],0,0,0,0,0,0,0,0,0,0
Yukon,Fruit and vegetable preserving and specialty food manufacturing  [BS31140],0,0,0,0,0,0,0,0,0,0
Yukon,Dairy product manufacturing  [BS31150],0,0,0,0,0,0,0,0,0,0
Yukon,Meat product manufacturing  [BS31160],0,0,0,0,0,0,0,0,0,0
Yukon,Seafood product preparation and packaging  [BS31170],0,0,0,0,0,0,0,0,0,0
Yukon,Miscellaneous food manufacturing  [BS311A0],1,1,0,0,0,0,0,0,0,0
Yukon,Soft drink and ice manufacturing  [BS31211],0,0,0,0,0,0,0,0,0,0
Yukon,Breweries  [BS31212],0,0,0,0,0,0,0,0,0,0
Yukon,Wineries and distilleries  [BS3121A],0,0,0,0,0,0,0,0,0,0
Yukon,Tobacco manufacturing  [BS31220],0,0,0,0,0,0,0,0,0,0
Yukon,Textile and textile product mills  [BS31A00],0,0,0,0,0,0,0,0,0,0
Yukon,Clothing and leather and allied product manufacturing  [BS31B00],0,0,0,0,0,0,0,0,0,0
Yukon,Wood product manufacturing  [BS32100] 12,1,0,0,0,0,0,0,0,0,0
Yukon,"Pulp, paper and paperboard mills  [BS32210] 12",0,0,0,0,0,0,0,0,0,0
Yukon,Converted paper product manufacturing  [BS32220],0,0,0,0,0,0,0,0,0,0
Yukon,Printing and related support activities  [BS32300],0,0,0,0,0,0,0,0,0,0
Yukon,Petroleum and coal product manufacturing  [BS32400],0,0,0,0,0,0,0,0,0,0
Yukon,Basic chemical manufacturing  [BS32510],0,0,0,0,0,0,0,1,5,5
Yukon,"Pesticide, fertilizer and other agricultural chemical manufacturing  [BS32530]",0,0,0,0,0,0,0,0,0,0
Yukon,Pharmaceutical and medicine manufacturing  [BS32540],0,0,0,0,0,0,0,0,0,0
Yukon,Miscellaneous chemical product manufacturing  [BS325C0] 13,0,0,0,1,1,1,1,1,1,1
Yukon,Plastic product manufacturing  [BS32610],0,0,0,0,0,0,0,0,0,0
Yukon,Rubber product manufacturing  [BS32620],0,0,0,0,0,0,0,0,0,0
Yukon,Non-metallic mineral product manufacturing (except cement and concrete products)  [BS327A0],0,0,0,0,0,0,0,0,0,0
Yukon,Cement and concrete product manufacturing  [BS32730],1,0,0,0,0,0,0,0,0,0
Yukon,Primary metal manufacturing  [BS33100],0,0,0,0,0,0,0,0,0,0
Yukon,Fabricated metal product manufacturing  [BS33200],1,0,0,0,0,0,0,0,0,0
Yukon,Machinery manufacturing  [BS33300],0,0,0,0,0,0,0,0,0,0
Yukon,Computer and peripheral equipment manufacturing  [BS33410],0,0,0,0,0,0,0,0,0,0
Yukon,Electronic product manufacturing  [BS334B0],0,0,0,0,0,0,0,0,0,0
Yukon,Electrical  equipment and component manufacturing  [BS335A0],0,0,0,0,0,0,0,0,0,0
Yukon,Household appliance manufacturing  [BS33520],0,0,0,0,0,0,0,0,0,0
Yukon,Motor vehicle manufacturing  [BS33610],0,0,0,0,0,0,0,0,0,0
Yukon,Motor vehicle body and trailer manufacturing  [BS33620],0,0,0,0,0,0,0,0,0,0
Yukon,Motor vehicle parts manufacturing  [BS33630],0,0,0,0,0,0,0,0,0,0
Yukon,Aerospace product and parts manufacturing  [BS33640],0,0,0,0,0,0,0,0,0,0
Yukon,Railroad rolling stock manufacturing  [BS33650],0,0,0,0,0,0,0,0,0,0
Yukon,Ship and boat building  [BS33660],0,0,0,0,0,0,0,0,0,0
Yukon,Other transportation equipment manufacturing  [BS33690],0,0,0,0,0,0,0,0,0,0
Yukon,Furniture and related product manufacturing  [BS33700],0,0,0,0,0,0,0,0,0,0
Yukon,Miscellaneous manufacturing  [BS33900],0,0,0,0,0,0,0,0,0,0
Yukon,"Total, households",149,148,127,130,129,139,147,160,140,125
Yukon,Households: Motor fuels and lubricants,112,107,108,116,116,127,141,153,126,113
Yukon,Households: Electricity and other fuels,37,41,19,13,13,12,6,7,14,12
Northwest Territories,"Total, industries and households",2054,2020,2075,2083,1791,1992,1971,1919,1544,1675
Northwest Territories,"Total, industries",1896,1868,1897,1904,1638,1859,1830,1772,1416,1550
Northwest Territories,Animal food manufacturing  [BS31110],0,0,0,0,0,0,0,0,0,0
Northwest Territories,Sugar and confectionery product manufacturing  [BS31130],0,0,0,0,0,0,0,0,0,0
Northwest Territories,Fruit and vegetable preserving and specialty food manufacturing  [BS31140],0,0,0,0,0,0,0,0,0,0
Northwest Territories,Dairy product manufacturing  [BS31150],0,0,0,0,0,0,0,0,0,0
Northwest Territories,Meat product manufacturing  [BS31160],0,0,0,0,0,0,0,0,0,0
Northwest Territories,Seafood product preparation and packaging  [BS31170],0,0,0,0,0,0,0,0,0,0
Northwest Territories,Miscellaneous food manufacturing  [BS311A0],0,0,0,0,0,0,0,0,0,0
Northwest Territories,Soft drink and ice manufacturing  [BS31211],0,0,0,0,0,0,0,0,0,0
Northwest Territories,Breweries  [BS31212],0,0,0,0,0,0,0,0,0,0
Northwest Territories,Wineries and distilleries  [BS3121A],0,0,0,0,0,0,0,0,0,0
Northwest Territories,Tobacco manufacturing  [BS31220],0,0,0,0,0,0,0,0,0,0
Northwest Territories,Textile and textile product mills  [BS31A00],1,1,0,1,0,0,0,0,0,0
Northwest Territories,Clothing and leather and allied product manufacturing  [BS31B00],0,0,0,0,0,0,0,0,0,0
Northwest Territories,Wood product manufacturing  [BS32100] 12,1,1,1,1,1,2,0,1,1,1
Northwest Territories,"Pulp, paper and paperboard mills  [BS32210] 12",0,0,0,0,0,0,0,0,0,0
Northwest Territories,Converted paper product manufacturing  [BS32220],0,0,0,0,0,0,0,0,0,0
Northwest Territories,Printing and related support activities  [BS32300],0,0,0,0,0,0,0,0,0,0
Northwest Territories,Petroleum and coal product manufacturing  [BS32400],0,0,0,0,0,0,0,0,0,0
Northwest Territories,Basic chemical manufacturing  [BS32510],0,0,0,0,0,0,3,4,7,7
Northwest Territories,"Pesticide, fertilizer and other agricultural chemical manufacturing  [BS32530]",0,0,0,0,0,0,0,0,0,0
Northwest Territories,Pharmaceutical and medicine manufacturing  [BS32540],0,0,0,0,0,0,0,0,0,0
Northwest Territories,Miscellaneous chemical product manufacturing  [BS325C0] 13,4,4,2,5,14,23,18,31,23,24
Northwest Territories,Plastic product manufacturing  [BS32610],0,0,0,0,0,0,0,0,0,0
Northwest Territories,Rubber product manufacturing  [BS32620],0,0,0,0,0,0,0,0,0,0
Northwest Territories,Non-metallic mineral product manufacturing (except cement and concrete products)  [BS327A0],0,0,0,0,0,0,0,0,0,0
Northwest Territories,Cement and concrete product manufacturing  [BS32730],0,0,0,0,0,0,0,0,0,0
Northwest Territories,Primary metal manufacturing  [BS33100],0,0,0,0,0,0,0,0,0,0
Northwest Territories,Fabricated metal product manufacturing  [BS33200],0,0,0,0,0,0,0,0,0,0
Northwest Territories,Machinery manufacturing  [BS33300],0,1,0,0,0,0,0,0,0,0
Northwest Territories,Computer and peripheral equipment manufacturing  [BS33410],0,0,0,0,0,0,0,0,0,0
Northwest Territories,Electronic product manufacturing  [BS334B0],0,0,0,0,0,0,0,0,0,0
Northwest Territories,Electrical  equipment and component manufacturing  [BS335A0],0,0,0,0,0,0,0,0,0,0
Northwest Territories,Household appliance manufacturing  [BS33520],0,0,0,0,0,0,0,0,0,0
Northwest Territories,Motor vehicle manufacturing  [BS33610],0,0,0,0,0,0,0,0,0,0
Northwest Territories,Motor vehicle body and trailer manufacturing  [BS33620],0,0,0,0,0,0,0,0,0,0
Northwest Territories,Motor vehicle parts manufacturing  [BS33630],0,0,0,0,0,0,0,0,0,0
Northwest Territories,Aerospace product and parts manufacturing  [BS33640],0,0,0,0,0,0,0,0,0,0
Northwest Territories,Railroad rolling stock manufacturing  [BS33650],0,0,0,0,0,0,0,0,0,0
Northwest Territories,Ship and boat building  [BS33660],0,0,0,0,0,0,0,0,0,0
Northwest Territories,Other transportation equipment manufacturing  [BS33690],0,0,0,0,0,0,0,0,0,0
Northwest Territories,Furniture and related product manufacturing  [BS33700],0,0,0,0,0,0,1,1,0,0
Northwest Territories,Miscellaneous manufacturing  [BS33900],0,1,0,0,0,0,0,0,0,0
Northwest Territories,"Total, households",158,152,178,179,153,133,140,146,128,124
Northwest Territories,Households: Motor fuels and lubricants,71,66,76,81,81,73,74,78,67,67
Northwest Territories,Households: Electricity and other fuels,87,86,102,98,72,61,66,69,60,57
Nunavut,"Total, industries and households",516,648,668,652,685,707,762,944,850,738
Nunavut,"Total, industries",488,614,605,559,622,651,716,904,817,702
Nunavut,Animal food manufacturing  [BS31110],0,0,0,0,0,0,0,0,0,0
Nunavut,Sugar and confectionery product manufacturing  [BS31130],0,0,0,0,0,0,0,0,0,0
Nunavut,Fruit and vegetable preserving and specialty food manufacturing  [BS31140],0,0,0,0,0,0,0,0,0,0
Nunavut,Dairy product manufacturing  [BS31150],0,0,0,0,0,0,0,0,0,0
Nunavut,Meat product manufacturing  [BS31160],0,0,0,0,0,0,0,0,0,0
Nunavut,Seafood product preparation and packaging  [BS31170],2,7,2,2,1,1,1,1,0,0
Nunavut,Miscellaneous food manufacturing  [BS311A0],0,0,0,0,0,0,0,0,0,0
Nunavut,Soft drink and ice manufacturing  [BS31211],0,0,0,0,0,0,0,0,0,0
Nunavut,Breweries  [BS31212],0,0,0,0,0,0,0,0,0,0
Nunavut,Wineries and distilleries  [BS3121A],0,0,0,0,0,0,0,0,0,0
Nunavut,Tobacco manufacturing  [BS31220],0,0,0,0,0,0,0,0,0,0
Nunavut,Textile and textile product mills  [BS31A00],0,0,0,0,0,0,0,0,0,0
Nunavut,Clothing and leather and allied product manufacturing  [BS31B00],0,0,0,0,0,0,0,0,0,0
Nunavut,Wood product manufacturing  [BS32100] 12,0,0,0,0,0,0,0,0,0,0
Nunavut,"Pulp, paper and paperboard mills  [BS32210] 12",0,0,0,0,0,0,0,0,0,0
Nunavut,Converted paper product manufacturing  [BS32220],0,0,0,0,0,0,0,0,0,0
Nunavut,Printing and related support activities  [BS32300],0,0,0,0,0,0,0,0,0,0
Nunavut,Petroleum and coal product manufacturing  [BS32400],0,0,0,0,0,0,0,0,0,0
Nunavut,Basic chemical manufacturing  [BS32510],0,0,0,0,0,0,0,0,0,0
Nunavut,"Pesticide, fertilizer and other agricultural chemical manufacturing  [BS32530]",0,0,0,0,0,0,0,0,0,0
Nunavut,Pharmaceutical and medicine manufacturing  [BS32540],0,0,0,0,0,0,0,0,0,0
Nunavut,Miscellaneous chemical product manufacturing  [BS325C0] 13,1,0,0,1,1,1,1,1,1,1
Nunavut,Plastic product manufacturing  [BS32610],0,0,0,0,0,0,0,0,0,0
Nunavut,Rubber product manufacturing  [BS32620],0,0,0,0,0,0,0,0,0,0
Nunavut,Non-metallic mineral product manufacturing (except cement and concrete products)  [BS327A0],0,0,0,0,0,0,0,0,0,0
Nunavut,Cement and concrete product manufacturing  [BS32730],0,0,0,0,0,0,0,0,0,0
Nunavut,Primary metal manufacturing  [BS33100],0,0,0,0,0,0,0,0,0,0
Nunavut,Fabricated metal product manufacturing  [BS33200],0,0,0,0,0,0,0,0,0,0
Nunavut,Machinery manufacturing  [BS33300],0,0,0,0,0,0,0,0,0,0
Nunavut,Computer and peripheral equipment manufacturing  [BS33410],0,0,0,0,0,0,0,0,0,0
Nunavut,Electronic product manufacturing  [BS334B0],0,0,0,0,0,0,0,0,0,0
Nunavut,Electrical  equipment and component manufacturing  [BS335A0],0,0,0,0,0,0,0,0,0,0
Nunavut,Household appliance manufacturing  [BS33520],0,0,0,0,0,0,0,0,0,0
Nunavut,Motor vehicle manufacturing  [BS33610],0,0,0,0,0,0,0,0,0,0
Nunavut,Motor vehicle body and trailer manufacturing  [BS33620],0,0,0,0,0,0,0,0,0,0
Nunavut,Motor vehicle parts manufacturing  [BS33630],0,0,0,0,0,0,0,0,0,0
Nunavut,Aerospace product and parts manufacturing  [BS33640],0,0,0,0,0,0,0,0,0,0
Nunavut,Railroad rolling stock manufacturing  [BS33650],0,0,0,0,0,0,0,0,0,0
Nunavut,Ship and boat building  [BS33660],0,0,0,0,0,0,0,0,0,0
Nunavut,Other transportation equipment manufacturing  [BS33690],0,0,0,0,0,0,0,0,0,0
Nunavut,Furniture and related product manufacturing  [BS33700],0,0,0,0,0,0,0,0,0,0
Nunavut,Miscellaneous manufacturing  [BS33900],0,0,0,0,0,0,0,0,0,0
Nunavut,"Total, households",28,33,63,92,63,56,46,41,33,36
Nunavut,Households: Motor fuels and lubricants,17,21,22,24,28,27,22,22,20,22
Nunavut,Households: Electricity and other fuels,11,12,41,69,35,29,24,19,14,13